model,task,status,seed_count,mse_mean,mse_median,mse_std,mse_worst,nmse_mean,tail_mse_mean,test_correlation_mean,pr_mean,rank95_mean,synthetic_fallbacks_sum,sim_run_failures_sum,summary_read_failures_sum,runtime_seconds_mean
enable_neural_heritability,mackey_glass,pass,1,1.7563763095885545,1.7563763095885545,0.0,1.7563763095885545,1.6748556587864984,1.7176477019636351,-0.15904237196824964,2.329287368315076,5.0,0,0,0,417.948815208
esn_or_random_reservoir,mackey_glass,pass,1,0.07787195168202389,0.07787195168202389,0.0,0.07787195168202389,0.07425759401522528,0.08202940805755042,0.9625694432349623,,,0,0,0,0.016838125000000037
online_linear_or_lag_ridge,mackey_glass,pass,1,0.15718963256975751,0.15718963256975751,0.0,0.15718963256975751,0.14989381499554727,0.1542256781401397,0.922438237696394,,,0,0,0,0.01363629200000016
persistence_baseline,mackey_glass,pass,1,1.337980347839787,1.337980347839787,0.0,1.337980347839787,1.27587917503257,1.333659876423453,0.36279434327508914,,,0,0,0,0.00023808299999994453
v2_6_predictive_reference,mackey_glass,pass,1,0.28179234307034107,0.28179234307034107,0.0,0.28179234307034107,0.2687132010478027,0.3033302819941207,0.8565716738673355,4.770448474960056,25.0,0,0,0,0.0
