model,task,status,seed_count,mse_mean,mse_median,mse_std,mse_worst,nmse_mean,tail_mse_mean,test_correlation_mean,pr_mean,rank95_mean,synthetic_fallbacks_sum,sim_run_failures_sum,summary_read_failures_sum,runtime_seconds_mean
esn_or_random_reservoir,sine,pass,1,0.002273705748801069,0.002273705748801069,0.0,0.002273705748801069,0.0021050067797753957,0.0027808806939813337,0.9989699474714003,,,0,0,0,0.016692584000000066
online_linear_or_lag_ridge,sine,pass,1,0.002376729447885902,0.002376729447885902,0.0,0.002376729447885902,0.0022003865733856588,0.0020783883906863427,0.9992267744266311,,,0,0,0,0.013759582999999909
organism_defaults_experimental_off,sine,pass,1,0.3164645490047643,0.3164645490047643,0.0,0.3164645490047643,0.29298427097035745,0.2864014749296038,0.8453058863287026,1.9151923784964273,4.0,0,0,0,414.333282375
persistence_baseline,sine,pass,1,0.10519209393647762,0.10519209393647762,0.0,0.10519209393647762,0.09738730309839624,0.1046435209612519,0.9510915551830597,,,0,0,0,0.0002122499999999139
v2_6_predictive_reference,sine,pass,1,0.0051927618504371085,0.0051927618504371085,0.0,0.0051927618504371085,0.0048074817538254384,0.0052410267852244265,0.9977004539907759,4.245340178770795,21.0,0,0,0,0.0
