test_name,status,population_size,runs,tail_accuracy_mean,tail_accuracy_min,all_accuracy_mean,prediction_target_corr_mean,tail_prediction_target_corr_mean,final_n_alive_mean,max_n_alive_mean,total_births_sum,total_deaths_sum,final_mean_readout_weight_mean,runtime_seconds_mean,runtime_seconds_max
population_scaling,pass,4,3,1.0,1.0,0.7651515151515151,0.4266311778279241,0.7762024428988102,4.0,4.0,0,0,-0.8625605947143374,8.748341652999999,11.035567541999999
population_scaling,pass,8,3,1.0,1.0,0.7636363636363637,0.415919362504331,0.7691596629805758,8.0,8.0,0,0,-0.5414618543721096,12.375223055666664,15.921357874999998
population_scaling,pass,16,3,1.0,1.0,0.7666666666666666,0.4313478931105752,0.7788649572622366,16.0,16.0,0,0,-0.9933411702410119,28.81734519433334,36.528392583
population_scaling,pass,32,3,1.0,1.0,0.7681818181818182,0.40682680383112096,0.7669975315213188,32.0,32.0,0,0,-0.2661113357539519,24.73651738866666,26.755594124999988
population_scaling,pass,64,3,1.0,1.0,0.7681818181818182,0.43815110173284805,0.7821826104950279,64.0,64.0,0,0,-1.1852227275561225,43.53725059733335,43.839477375
