{
  "display_name": "Lorenz x(t)",
  "horizon": 8,
  "length": 720,
  "metadata": {
    "dt": 0.01,
    "obs_mu": -4.719782842793352,
    "obs_sd": 6.283351599562125,
    "target_mu": -4.797774739161822,
    "target_sd": 6.311910068313094
  },
  "seed": 43,
  "task": "lorenz",
  "train_end": 468
}
