steps,warmup_steps,tail_steps,final_capital,capital_delta,max_abs_dopamine,mean_abs_dopamine,final_accuracy_ema,tail_accuracy_ema,strict_accuracy_all_nonzero_targets,strict_accuracy_tail_nonzero_targets,nonzero_target_count_tail,mean_abs_prediction,tail_mean_abs_prediction,max_abs_prediction,prediction_target_corr,tail_prediction_target_corr,final_n_alive,max_n_alive,total_births,total_deaths,seed,runtime_seconds,backend
80,20,60,1.0003185707402942,0.0003185707402941773,0.9983879893733829,0.296562612495395,0.4634395982943229,0.4753169163856727,0.3924050632911392,0.38333333333333336,60,0.06708347961193935,0.07538365727734253,0.224865960683967,-0.0926557621279904,-0.07179395839521759,6,6,5,0,42,0.1950188749999997,MockSimulator
80,20,60,0.9884838361301693,-0.011516163869830676,0.9778344436222581,0.3210273230939916,0.510914606117766,0.5068570682107962,0.5641025641025641,0.5666666666666667,60,0.06712949926442295,0.08118478918700593,0.1768008309991022,0.07219835616224606,0.08834143709122687,6,6,5,0,43,0.21971600000000002,MockSimulator
80,20,60,1.0019632746076188,0.0019632746076188035,0.9810264367350123,0.2888267758562156,0.5080276171092352,0.49687962750504056,0.48717948717948717,0.5166666666666667,60,0.05632696735785074,0.06515796387955124,0.1429354190746736,0.10807798067248033,0.15898734525033614,6,6,5,0,44,0.23318545900000043,MockSimulator
