task,variant,variant_family,runs,temporal_pressure,mean_ridge_probe_accuracy,min_ridge_probe_accuracy,std_ridge_probe_accuracy,mean_centroid_probe_accuracy,mean_knn_probe_accuracy,min_knn_probe_accuracy,mean_silhouette_score,mean_latent_factor_abs_corr,mean_labels_to_threshold,min_labels_to_threshold,max_abs_raw_dopamine,label_leakage_runs,reward_leakage_runs
latent_cluster_sequence,cra_pre_reward_state,CRA-compatible label-free state,1,False,0.14814814814814814,0.14814814814814814,0.0,0.345679012345679,0.9135802469135802,0.9135802469135802,0.33015125770376097,0.8240229874013841,,,0.0,0,0
latent_cluster_sequence,current_input_only,encoder-only baseline,1,False,0.9876543209876543,0.9876543209876543,0.0,1.0,1.0,1.0,0.6303039127042979,0.6650766483594087,99.0,99.0,0.0,0,0
latent_cluster_sequence,no_state_plasticity,CRA sham,1,False,0.9506172839506173,0.9506172839506173,0.0,0.9629629629629629,0.9629629629629629,0.9629629629629629,0.3522892048345603,0.8969745121003794,99.0,99.0,0.0,0,0
latent_cluster_sequence,random_untrained_state,random baseline,1,False,0.2839506172839506,0.2839506172839506,0.0,0.2839506172839506,0.3950617283950617,0.3950617283950617,-0.00874684309396342,0.0054729550671012445,,,0.0,0,0
latent_cluster_sequence,time_shuffled_exposure,CRA sham,1,False,0.9259259259259259,0.9259259259259259,0.0,0.9876543209876543,0.9629629629629629,0.9629629629629629,0.24584864860899142,0.23110260652992612,99.0,99.0,0.0,0,0
