model,task,status,seed_count,mse_mean,mse_median,mse_std,mse_worst,nmse_mean,tail_mse_mean,test_correlation_mean,pr_mean,rank95_mean,synthetic_fallbacks_sum,sim_run_failures_sum,summary_read_failures_sum,runtime_seconds_mean
esn_or_random_reservoir,narma10,pass,1,0.8708784185587901,0.8708784185587901,0.0,0.8708784185587901,0.6667263059894645,1.1172069060887413,0.6014284823055995,,,0,0,0,0.01676533400000002
online_linear_or_lag_ridge,narma10,pass,1,0.27945473649636643,0.27945473649636643,0.0,0.27945473649636643,0.2139447024807674,0.4271672906100417,0.8938901104256157,,,0,0,0,0.016763333999999963
organism_defaults_experimental_off,narma10,pass,1,1.3839041122193263,1.3839041122193263,0.0,1.3839041122193263,1.0594880489868672,1.5393079041295863,0.24279384198959938,3.4140674886349243,6.0,0,0,0,413.29009575
persistence_baseline,narma10,pass,1,1.7453083516599603,1.7453083516599603,0.0,1.7453083516599603,1.3361715772455476,1.922432010053393,0.2719615010543499,,,0,0,0,0.00022054200000010127
v2_6_predictive_reference,narma10,pass,1,0.5961464143943345,0.5961464143943345,0.0,0.5961464143943345,0.45639722862321397,0.7815307500376278,0.7434213319811537,2.9664241544636467,12.0,0,0,0,0.0
