steps,warmup_steps,tail_steps,final_capital,capital_delta,max_abs_dopamine,mean_abs_dopamine,final_accuracy_ema,tail_accuracy_ema,strict_accuracy_all_nonzero_targets,strict_accuracy_tail_nonzero_targets,nonzero_target_count_tail,mean_abs_prediction,tail_mean_abs_prediction,max_abs_prediction,prediction_target_corr,tail_prediction_target_corr,final_n_alive,max_n_alive,total_births,total_deaths,seed,runtime_seconds,backend
80,20,60,0.9841728569134308,-0.015827143086569184,0.9999570469432036,0.6686785320424675,0.533032707776298,0.5104374830872203,0.5569620253164557,0.5833333333333334,60,0.27272817965677054,0.28497491094973826,0.41837122440918995,0.05347669134829066,0.0539729530185239,7,7,6,0,42,0.21828683300000007,MockSimulator
80,20,60,1.0137085723462747,0.01370857234627465,0.9965191381116801,0.6250469249842033,0.4792493667348205,0.4644689379454691,0.48717948717948717,0.5666666666666667,60,0.26965402922278425,0.27870559244083726,0.44541455008110964,0.016658002355991363,-0.02715563381688595,7,7,6,0,43,0.21754241699999977,MockSimulator
80,20,60,0.9841185707402937,-0.01588142925970626,0.9951238043166982,0.6661890525427001,0.47343262750979936,0.49429838411094246,0.4358974358974359,0.5,60,0.26328503650948243,0.2692460675148055,0.44247530799665735,-0.014839833359391897,-0.056781433055066964,6,6,5,0,44,0.21869249999999996,MockSimulator
