model,task,status,seed_count,mse_mean,mse_median,mse_std,mse_worst,nmse_mean,tail_mse_mean,test_correlation_mean,pr_mean,rank95_mean,synthetic_fallbacks_sum,sim_run_failures_sum,summary_read_failures_sum,runtime_seconds_mean
esn_or_random_reservoir,lorenz,pass,1,0.007355802846859627,0.007355802846859627,0.0,0.007355802846859627,0.005552649649978703,0.0016450226640299102,0.9991613804922331,,,0,0,0,0.01652066699999999
online_linear_or_lag_ridge,lorenz,pass,1,0.0072657692412357805,0.0072657692412357805,0.0,0.0072657692412357805,0.005484686291095721,0.0018332713008543048,0.9991503851691694,,,0,0,0,0.01494816599999993
organism_defaults_experimental_off,lorenz,pass,1,1.0085802157443609,1.0085802157443609,0.0,1.0085802157443609,0.7613434860233199,0.8317918069498667,0.669803703481417,2.158359424882121,4.0,0,0,0,418.37106858299995
persistence_baseline,lorenz,pass,1,0.33793380034448256,0.33793380034448256,0.0,0.33793380034448256,0.2550949280811485,0.3613228316807946,0.8732605668811688,,,0,0,0,0.000217209000000107
v2_6_predictive_reference,lorenz,pass,1,0.32125404268582697,0.32125404268582697,0.0,0.32125404268582697,0.24250393666209433,0.25984984019390045,0.8887357925361958,5.365991389015628,29.0,0,0,0,0.0
