{
  "display_name": "Mackey-Glass",
  "finite_check": {
    "observed_finite": true,
    "observed_nonfinite_count": 0,
    "target_finite": true,
    "target_max": 1.7774715083386734,
    "target_min": -2.3573687408043202,
    "target_nonfinite_count": 0
  },
  "horizon": 8,
  "length": 16000,
  "metadata": {
    "obs_mu": 0.9253632216947799,
    "obs_sd": 0.23627658604177967,
    "target_mu": 0.9254661203134273,
    "target_sd": 0.23632860086968974,
    "tau": 17
  },
  "sample_count": 16000,
  "seed": 43,
  "task": "mackey_glass",
  "test_count": 5600,
  "train_end": 10400
}
