model,task,status,seed_count,mse_mean,mse_median,mse_std,mse_worst,nmse_mean,tail_mse_mean,test_correlation_mean,pr_mean,rank95_mean,synthetic_fallbacks_sum,sim_run_failures_sum,summary_read_failures_sum,runtime_seconds_mean
enable_neural_heritability,sine,pass,1,0.3158474234068222,0.3158474234068222,0.0,0.3158474234068222,0.2925598848514089,0.28434795085459713,0.8457934943752702,1.918310708630475,4.0,0,0,0,417.44573820799997
esn_or_random_reservoir,sine,pass,1,0.0020457503004557708,0.0020457503004557708,0.0,0.0020457503004557708,0.0018949164311059818,0.0021026668753687163,0.9990678634225637,,,0,0,0,0.020636666999999997
online_linear_or_lag_ridge,sine,pass,1,0.0023891944380113337,0.0023891944380113337,0.0,0.0023891944380113337,0.002213038314933186,0.001987038959260862,0.9992359963216385,,,0,0,0,0.012902709000000012
persistence_baseline,sine,pass,1,0.1051844557763666,0.1051844557763666,0.0,0.1051844557763666,0.09742916987629048,0.10429326602325266,0.9510700076079851,,,0,0,0,0.00025012499999998994
v2_6_predictive_reference,sine,pass,1,0.007176097637638506,0.007176097637638506,0.0,0.007176097637638506,0.006647001504412594,0.0034159039787509966,0.9969446929589221,4.453828988716825,22.0,0,0,0,0.0
