model,task,status,seed_count,mse_mean,mse_median,mse_std,mse_worst,nmse_mean,tail_mse_mean,test_correlation_mean,pr_mean,rank95_mean,synthetic_fallbacks_sum,sim_run_failures_sum,summary_read_failures_sum,runtime_seconds_mean
esn_or_random_reservoir,mackey_glass,pass,1,0.030917170829273408,0.030917170829273408,0.0,0.030917170829273408,0.029391799598511244,0.02871680282190692,0.9853152260742175,,,0,0,0,0.016634666999999936
online_linear_or_lag_ridge,mackey_glass,pass,1,0.14562679084201754,0.14562679084201754,0.0,0.14562679084201754,0.13844195111637525,0.1272974353840575,0.9286325662964529,,,0,0,0,0.015778417000000156
organism_defaults_experimental_off,mackey_glass,pass,1,1.7701749913005542,1.7701749913005542,0.0,1.7701749913005542,1.6828392509103658,1.5744192262992331,-0.1675397054138646,2.362820310229984,5.0,0,0,0,412.434621583
persistence_baseline,mackey_glass,pass,1,1.3805922510483823,1.3805922510483823,0.0,1.3805922510483823,1.312477490070045,1.2845177237041119,0.3545038710975656,,,0,0,0,0.00024533399999993044
v2_6_predictive_reference,mackey_glass,pass,1,0.28398795532003474,0.28398795532003474,0.0,0.28398795532003474,0.26997674260848886,0.251126896648403,0.8586202778961898,8.114011318870066,43.0,0,0,0,0.0
