task,best_model,v2_3_rank,v2_3_mse,v2_2_mse,lag_mse,reservoir_mse,esn_mse,v2_2_over_v2_3_margin,lag_over_v2_3_margin,reservoir_over_v2_3_margin,esn_over_v2_3_margin,sham_min_over_v2_3_margin,beats_v2_2,beats_simple_online_controls,sham_separated
variable_delay_multi_cue,v2_3_generic_bounded_recurrent_state,1,0.5090571841935101,0.5333947903677161,0.5540991569163743,0.678562202525463,0.8130855375554558,1.0478091792629616,1.0884811650271147,1.332978344270883,1.5972381154852222,1.0193455645320633,True,True,True
hidden_context_reentry,fixed_random_reservoir_online_control,4,0.13114242720796349,0.12528064386847013,0.3232803743785339,0.05990005769186657,1.0447536399245718,0.9553021591540483,2.4651089754948736,0.45675574996700385,7.966557140717083,0.9780025799500737,False,False,False
concept_drift_stream,v2_2_fading_memory_reference,4,0.3461047991105859,0.25802590810737513,0.5323092537280933,0.31034771403733513,0.9285194099794133,0.7455138119160603,1.538000210040463,0.8966871156795898,2.682769532134505,0.9931418365626785,False,False,False
anomaly_detection_stream,fixed_random_reservoir_online_control,4,0.6734007962411387,0.6539961804739801,0.7970197501964541,0.5498591265405142,0.5925213369915916,0.9711841508423017,1.1835741131364041,0.8165406539608763,0.8798940249239252,1.0103979845108382,False,False,True
delayed_control_proxy,lag_only_online_lms_control,3,0.01116466689409419,0.009145610173510626,0.004896173749945975,0.08277389091019473,0.029133414628158178,0.8191565642095788,0.4385418567692262,7.413914960058495,2.6094298114320793,1.0096382903575274,False,False,True
