task,model,status,seed_count,geomean_mse_mean,geomean_mse_median,geomean_mse_worst,geomean_nmse_mean,rank_by_geomean_mse
all_targeted_diagnostics_geomean,v2_2_fading_memory_reference,pass,3,0.15892013746238234,0.16483204581065886,0.16535851958290065,0.16215136255400575,1
all_targeted_diagnostics_geomean,v2_3_generic_bounded_recurrent_state,pass,3,0.17604715537423876,0.17879745803422956,0.18885489161996596,0.179783551797055,2
all_targeted_diagnostics_geomean,v2_3_state_reset_ablation,pass,3,0.17626969871692108,0.17984151740357884,0.1889271158630906,0.1800053587230217,3
all_targeted_diagnostics_geomean,lag_only_online_lms_control,pass,3,0.2055968384080941,0.20013866354996393,0.21687209087981454,0.20939300510827777,4
all_targeted_diagnostics_geomean,fixed_random_reservoir_online_control,pass,3,0.22089786655426447,0.22810533521353477,0.24437200396467706,0.2257803411810787,5
all_targeted_diagnostics_geomean,fixed_esn_train_prefix_ridge_baseline,pass,3,0.4224303829071217,0.41280662848549826,0.4511888384728922,0.4300306294729567,6
all_targeted_diagnostics_geomean,v2_3_shuffled_state_sham,pass,3,0.9704802050983504,0.9716246752820186,0.9969860025919512,0.9884264679021232,7
all_targeted_diagnostics_geomean,v2_3_no_update_ablation,pass,3,0.9899925447331018,1.0102765748155065,1.0174528952166229,1.007774683178406,8
all_targeted_diagnostics_geomean,v2_3_shuffled_target_control,pass,3,1.0154879736291191,1.0413638785706028,1.0481035423422875,1.0334672068184265,9
