{
  "encoding": "rate",
  "is_genuinely_temporal": false,
  "mean_latency_bin": 5.409226190476192,
  "mean_spike_sparsity": 0.007826967592592594,
  "mean_spike_total": 0.8777777777777778,
  "nonzero_steps": 160,
  "seed": 43,
  "steps": 720,
  "task": "hard_noisy_switching",
  "task_metadata": {
    "delay_range": [
      3,
      5
    ],
    "mean_delay": 4.0,
    "noise_rate_actual": 0.17475728155339806,
    "noisy_trials": 18,
    "switch_steps": [
      0,
      45,
      89,
      122,
      163,
      201,
      233,
      272,
      309,
      342,
      383,
      418,
      458,
      504,
      548,
      589,
      637,
      677,
      710
    ],
    "task_kind": "hard_noisy_switching",
    "trials": 103
  }
}