task,baseline_tail_accuracy_mean,memory_tail_accuracy_mean,memory_tail_delta_vs_v1_4,baseline_return_regime_accuracy_mean,memory_return_regime_accuracy_mean,memory_return_accuracy_delta_vs_v1_4,baseline_reacquisition_delta_mean,memory_reacquisition_delta_mean,memory_reacquisition_delta_vs_v1_4,baseline_mean_recovery_steps,memory_mean_recovery_steps,memory_recovery_delta_vs_v1_4,baseline_return_corr_mean,memory_return_corr_mean,memory_composite_score,best_ablation_model,best_ablation_composite_score,memory_composite_delta_vs_best_ablation,external_median_return_accuracy,best_external_return_model,best_external_return_accuracy_mean,memory_return_delta_vs_external_median
aba_recurrence,0.7888888888888889,0.611111111111111,-0.1777777777777778,0.6749999999999999,0.47500000000000003,-0.1999999999999999,-0.26666666666666666,-0.7666666666666666,-0.49999999999999994,37.333333333333336,138.66666666666666,-101.33333333333331,0.3362197851948785,-0.0818392521651704,-0.05839077884189103,overrigid_memory,0.24956555428093408,-0.3079563331228251,0.6583333333333333,sign_persistence,0.9499999999999998,-0.1833333333333333
abca_recurrence,0.7888888888888889,0.7888888888888889,0.0,0.7888888888888889,0.7888888888888889,0.0,-0.16666666666666666,-0.3,-0.13333333333333333,67.55555555555556,108.44444444444444,-40.888888888888886,0.5851712500581913,0.5395125390388835,0.5479268808558325,overrigid_memory,0.9354762626373713,-0.38754938178153875,0.7333333333333334,sign_persistence,0.9777777777777779,0.05555555555555547
hidden_regime_switching,0.7888888888888889,0.6333333333333333,-0.15555555555555556,0.7777777777777778,0.5833333333333334,-0.19444444444444442,-0.19999999999999996,-0.7000000000000001,-0.5000000000000001,29.333333333333332,72.0,-42.66666666666667,0.44384550863816274,0.15671365720776176,0.21784038191449762,overrigid_memory,0.8865822344705915,-0.6687418525560939,0.6388888888888888,sign_persistence,0.9305555555555557,-0.05555555555555547
