{
  "col_03": {
    "mean": -8.870146866366216e-06,
    "raw_std": 0.002187260438013339,
    "source": "train_FD001_only",
    "std": 0.002187260438013339
  },
  "col_04": {
    "mean": 2.350831273326574e-06,
    "raw_std": 0.00029305502200987745,
    "source": "train_FD001_only",
    "std": 0.00029305502200987745
  },
  "col_05": {
    "mean": 100.0,
    "raw_std": 0.0,
    "source": "train_FD001_only",
    "std": 1.0
  },
  "col_06": {
    "mean": 518.6699999999346,
    "raw_std": 6.536993168992922e-11,
    "source": "train_FD001_only",
    "std": 6.536993168992922e-11
  },
  "col_07": {
    "mean": 642.6809335466004,
    "raw_std": 0.500041150935759,
    "source": "train_FD001_only",
    "std": 0.500041150935759
  },
  "col_08": {
    "mean": 1590.5231186079263,
    "raw_std": 6.131000927188803,
    "source": "train_FD001_only",
    "std": 6.131000927188803
  },
  "col_09": {
    "mean": 1408.933781687751,
    "raw_std": 9.000386644877754,
    "source": "train_FD001_only",
    "std": 9.000386644877754
  },
  "col_10": {
    "mean": 14.619999999996605,
    "raw_std": 3.3946179200938786e-12,
    "source": "train_FD001_only",
    "std": 3.3946179200938786e-12
  },
  "col_11": {
    "mean": 21.609803208753878,
    "raw_std": 0.0013889512497303575,
    "source": "train_FD001_only",
    "std": 0.0013889512497303575
  },
  "col_12": {
    "mean": 553.3677112112824,
    "raw_std": 0.8850708068616244,
    "source": "train_FD001_only",
    "std": 0.8850708068616244
  },
  "col_13": {
    "mean": 2388.0966516407484,
    "raw_std": 0.07098375851044554,
    "source": "train_FD001_only",
    "std": 0.07098375851044554
  },
  "col_14": {
    "mean": 9065.242940720273,
    "raw_std": 22.082344331737666,
    "source": "train_FD001_only",
    "std": 22.082344331737666
  },
  "col_15": {
    "mean": 1.299999999999534,
    "raw_std": 4.660716257376407e-13,
    "source": "train_FD001_only",
    "std": 1.0
  },
  "col_16": {
    "mean": 47.54116814502418,
    "raw_std": 0.2670809255982643,
    "source": "train_FD001_only",
    "std": 0.2670809255982643
  },
  "col_17": {
    "mean": 521.4134700208454,
    "raw_std": 0.7375355171108272,
    "source": "train_FD001_only",
    "std": 0.7375355171108272
  },
  "col_18": {
    "mean": 2388.0961523920328,
    "raw_std": 0.07191717269564527,
    "source": "train_FD001_only",
    "std": 0.07191717269564527
  },
  "col_19": {
    "mean": 8143.752722117232,
    "raw_std": 19.075713652092418,
    "source": "train_FD001_only",
    "std": 19.075713652092418
  },
  "col_20": {
    "mean": 8.44214558189131,
    "raw_std": 0.03750412899233237,
    "source": "train_FD001_only",
    "std": 0.03750412899233237
  },
  "col_21": {
    "mean": 0.029999999999984435,
    "raw_std": 1.5563939026463913e-14,
    "source": "train_FD001_only",
    "std": 1.0
  },
  "col_22": {
    "mean": 393.2106538703892,
    "raw_std": 1.5487254893083304,
    "source": "train_FD001_only",
    "std": 1.5487254893083304
  },
  "col_23": {
    "mean": 2388.0,
    "raw_std": 0.0,
    "source": "train_FD001_only",
    "std": 1.0
  },
  "col_24": {
    "mean": 100.0,
    "raw_std": 0.0,
    "source": "train_FD001_only",
    "std": 1.0
  },
  "col_25": {
    "mean": 38.81627066065643,
    "raw_std": 0.1807420473633101,
    "source": "train_FD001_only",
    "std": 0.1807420473633101
  },
  "col_26": {
    "mean": 23.289705360864783,
    "raw_std": 0.10824825121269074,
    "source": "train_FD001_only",
    "std": 0.10824825121269074
  }
}
