task,seed,steps,learning_rate,event_count,float_accuracy,fixed_accuracy,no_pending_accuracy,float_tail_accuracy,fixed_tail_accuracy,no_pending_tail_accuracy,float_weight,fixed_weight,float_bias,fixed_bias,weight_abs_delta,bias_abs_delta,sign_agreement,max_prediction_abs_delta,pending_created,pending_matured,pending_dropped,max_pending,no_pending_weight,no_pending_bias
delayed_cue,42,1200,0.25,150,0.9866666666666667,0.9866666666666667,0.0,1.0,1.0,0.0,1.0,0.999969482421875,0.0,-3.0517578125e-05,3.0517578125e-05,3.0517578125e-05,1.0,0.0001201629638671875,150,150,0,1,0.0,0.0
hard_noisy_switching,42,1200,0.25,171,0.5730994152046783,0.5730994152046783,0.0,0.5476190476190477,0.5476190476190477,0.0,-0.1994214668137721,-0.199462890625,-0.7356095289835862,-0.73565673828125,4.142381122790306e-05,4.720929766377502e-05,1.0,0.00021408498287200928,171,171,0,1,0.0,0.0
