model,task,status,seed_count,mse_mean,mse_median,mse_std,mse_worst,nmse_mean,tail_mse_mean,test_correlation_mean,pr_mean,rank95_mean,synthetic_fallbacks_sum,sim_run_failures_sum,summary_read_failures_sum,runtime_seconds_mean
enable_neural_heritability,lorenz,pass,1,1.4892158176782855,1.4892158176782855,0.0,1.4892158176782855,0.811047614604312,1.9711796351160813,0.6453887716952322,2.447177072813712,5.0,0,0,0,438.870292834
esn_or_random_reservoir,lorenz,pass,1,0.011945991065064589,0.011945991065064589,0.0,0.011945991065064589,0.006505952624455751,0.01685246112082592,0.9990642367306692,,,0,0,0,0.016781833999999884
online_linear_or_lag_ridge,lorenz,pass,1,0.016703430571228882,0.016703430571228882,0.0,0.016703430571228882,0.009096920244658947,0.019245532484823066,0.9991094896733377,,,0,0,0,0.013071333000000074
persistence_baseline,lorenz,pass,1,0.45018541929367206,0.45018541929367206,0.0,0.45018541929367206,0.24517723093823046,0.3621255102728103,0.8774188158828247,,,0,0,0,0.00024166700000005648
v2_6_predictive_reference,lorenz,pass,1,0.1478092819786912,0.1478092819786912,0.0,0.1478092819786912,0.08049898754909095,0.19118955402795873,0.9672581809471045,10.359185026850467,44.0,0,0,0,0.0
