model,task,status,seed_count,mse_mean,mse_median,mse_std,mse_worst,nmse_mean,tail_mse_mean,test_correlation_mean,pr_mean,rank95_mean,synthetic_fallbacks_sum,sim_run_failures_sum,summary_read_failures_sum,runtime_seconds_mean
esn_or_random_reservoir,narma10,pass,1,0.5221209336868418,0.5221209336868418,0.0,0.5221209336868418,0.6891417898683805,0.5653273785425461,0.6202908634517733,,,0,0,0,0.01669454199999998
online_linear_or_lag_ridge,narma10,pass,1,0.1707713790477537,0.1707713790477537,0.0,0.1707713790477537,0.22539930162203814,0.17815289694407435,0.9009707170388653,,,0,0,0,0.013851916999999991
organism_defaults_experimental_off,narma10,pass,1,1.0965544437075212,1.0965544437075212,0.0,1.0965544437075212,1.447330385105706,1.2666335275983034,0.22371264960560208,3.412267328082019,6.0,0,0,0,416.917678584
persistence_baseline,narma10,pass,1,1.2902345025721844,1.2902345025721844,0.0,1.2902345025721844,1.7029666061729536,1.4952398323916853,0.2856517577651411,,,0,0,0,0.00021874999999993427
v2_6_predictive_reference,narma10,pass,1,0.3562649724766258,0.3562649724766258,0.0,0.3562649724766258,0.4702302952426874,0.31158749282397064,0.7495653570969003,4.869966419480005,32.0,0,0,0,0.0
