{
  "display_name": "Lorenz x(t)",
  "finite_check": {
    "observed_finite": true,
    "observed_nonfinite_count": 0,
    "target_finite": true,
    "target_max": 2.389166984149802,
    "target_min": -2.2083009120066732,
    "target_nonfinite_count": 0
  },
  "horizon": 8,
  "length": 16000,
  "metadata": {
    "dt": 0.01,
    "obs_mu": -0.5020020281254914,
    "obs_sd": 7.900891286321817,
    "target_mu": -0.5020083217881905,
    "target_sd": 7.900903245556562
  },
  "sample_count": 16000,
  "seed": 42,
  "task": "lorenz",
  "test_count": 5600,
  "train_end": 10400
}
