test_name,status,population_size,runs,all_accuracy_mean,all_accuracy_std,tail_accuracy_mean,prediction_target_corr_mean,tail_prediction_target_corr_mean,mean_recovery_steps_mean,max_recovery_steps_mean,final_n_alive_mean,total_births_sum,total_deaths_sum,runtime_seconds_mean,runtime_seconds_max
hard_population_scaling,pass,4,3,0.5416666666666666,0.02886751345948125,0.39999999999999997,-0.06568380854696888,-0.20466082944239802,37.05555555555556,104.33333333333333,4.0,0,0,4.613831916666666,4.64314675
hard_population_scaling,pass,8,3,0.5166666666666666,0.0520416499866533,0.3666666666666667,-0.014143203033842013,-0.2239004016691687,36.58888888888889,104.33333333333333,8.0,0,0,7.887885194666667,7.923253249999998
hard_population_scaling,pass,16,3,0.5166666666666666,0.0520416499866533,0.39999999999999997,-0.06389442388429689,-0.2434724398022788,37.05555555555556,104.33333333333333,16.0,0,0,15.361376888666664,17.031901040999998
hard_population_scaling,pass,32,3,0.5416666666666667,0.014433756729740658,0.43333333333333335,-0.03368355199728033,-0.20918112579702167,37.05555555555556,104.33333333333333,32.0,0,0,28.283519402666673,29.02186362500001
hard_population_scaling,pass,64,3,0.5416666666666666,0.03818813079129865,0.43333333333333335,-0.007373042676633769,-0.2050802516890126,27.8,74.0,64.0,0,0,59.43009380566668,70.360724
