model,task,status,seed_count,mse_mean,mse_median,mse_std,mse_worst,nmse_mean,tail_mse_mean,test_correlation_mean,pr_mean,rank95_mean,synthetic_fallbacks_sum,sim_run_failures_sum,summary_read_failures_sum,runtime_seconds_mean
enable_neural_heritability,mackey_glass,pass,1,1.7626132363405855,1.7626132363405855,0.0,1.7626132363405855,1.7204306920439911,2.026931959511775,-0.20140519883113708,2.299952908365914,5.0,0,0,0,407.43346575000004
esn_or_random_reservoir,mackey_glass,pass,1,0.04974912609846314,0.04974912609846314,0.0,0.04974912609846314,0.04855853892250267,0.0516904846144008,0.9755572333279308,,,0,0,0,0.017007833999999944
online_linear_or_lag_ridge,mackey_glass,pass,1,0.1653028099626029,0.1653028099626029,0.0,0.1653028099626029,0.16134681271951193,0.19138944713925396,0.9158815595579038,,,0,0,0,0.013194583999999843
persistence_baseline,mackey_glass,pass,1,1.3115714983789462,1.3115714983789462,0.0,1.3115714983789462,1.2801832041758552,1.3137290414206029,0.3610014426162551,,,0,0,0,0.00021025000000007843
v2_6_predictive_reference,mackey_glass,pass,1,0.4566828482938828,0.4566828482938828,0.0,0.4566828482938828,0.44575359615820365,1.1378432781250232,0.7835635385601974,5.534640777897415,26.0,0,0,0,0.0
