tau_steps,decay_float,alpha_float,decay_raw_s16_15,alpha_raw_s16_15
2,0.6065306597126334,0.3934693402873666,19874,12893
4,0.7788007830714049,0.22119921692859512,25519,7248
8,0.8824969025845955,0.11750309741540454,28917,3850
16,0.9394130628134758,0.06058693718652419,30782,1985
32,0.9692332344763441,0.03076676552365587,31759,1008
64,0.9844964370054085,0.015503562994591547,32259,508
128,0.9922179382602435,0.007782061739756485,32512,255
