model,task,status,seed_count,mse_mean,mse_median,mse_std,mse_worst,nmse_mean,tail_mse_mean,test_correlation_mean,pr_mean,rank95_mean,synthetic_fallbacks_sum,sim_run_failures_sum,summary_read_failures_sum,runtime_seconds_mean
enable_neural_heritability,lorenz,pass,1,0.4002018038428969,0.4002018038428969,0.0,0.4002018038428969,0.44606045225816837,0.4586249449454894,0.747648507484046,2.1527316774483,4.0,0,0,0,403.23202333300003
esn_or_random_reservoir,lorenz,pass,1,0.000874183528222501,0.000874183528222501,0.0,0.000874183528222501,0.0009743551783405861,0.0016500293871003567,0.9995644421625549,,,0,0,0,0.016614291000000003
online_linear_or_lag_ridge,lorenz,pass,1,0.003600157869421195,0.003600157869421195,0.0,0.003600157869421195,0.004012695675068044,0.005359186186027431,0.9986107014224356,,,0,0,0,0.013779582999999818
persistence_baseline,lorenz,pass,1,0.2258943248007773,0.2258943248007773,0.0,0.2258943248007773,0.2517792866389568,0.22047617478890097,0.8737633384494926,,,0,0,0,0.00023379200000017697
v2_6_predictive_reference,lorenz,pass,1,0.10180146213475175,0.10180146213475175,0.0,0.10180146213475175,0.11346677052509276,0.05773880552613781,0.9445459236586177,5.5858546816166,25.0,0,0,0,0.0
