task,seed,pr_float,pr_fp,ratio
mackey_glass,42,7.391631228584469,7.453480884587329,1.0084
mackey_glass,43,7.0136746877233245,7.081412446751215,1.0097
mackey_glass,44,5.195271527544789,5.0703219851543855,0.9759
lorenz,42,9.160754867509459,9.16204747782056,1.0001
lorenz,43,8.930811252179627,8.956425987667354,1.0029
lorenz,44,4.081180859570633,4.110627421626414,1.0072
narma10,42,8.60140766251234,9.439286096714456,1.0974
narma10,43,9.32768338412452,8.882657256547137,0.9523
narma10,44,12.050584469652591,12.610143605366483,1.0464
