steps,evaluation_count,early_accuracy,tail_accuracy,all_accuracy,accuracy_improvement,prediction_target_corr,tail_prediction_target_corr,mean_abs_prediction,max_abs_prediction,final_n_alive,max_n_alive,total_births,total_deaths,max_abs_dopamine,mean_abs_dopamine,source,task,backend_key,backend,seed,population_size,delay,period,evaluation_horizon_bars,readout_lr,delayed_readout_lr,tail_event_count,one_tail_event_accuracy_step,runtime_seconds,total_step_spikes,mean_step_spikes,final_mean_readout_weight,final_mean_abs_readout_weight,final_matured_horizons,final_pending_horizons,sim_run_failures,summary_read_failures,synthetic_fallbacks,last_sim_run_error,last_backend_failure_stage,last_backend_exception_type,last_backend_traceback,repair_run
1200,150,0.9,0.972972972972973,0.9066666666666666,0.072972972972973,0.8402410010781167,0.9220006105395314,0.03188606294295332,0.46968110555145515,8,8,0,0,1.0,0.22663781034864602,software,delayed_cue,brian2,pyNN.brian2,42,8,5,8,5,0.1,0.2,37,0.02702702702702703,235.92247504099998,2356136,1963.4466666666667,-1.3591452395885675,1.3591452395885675,200,40,0,0,0,,,,,True
1200,150,0.8666666666666667,1.0,0.9733333333333334,0.1333333333333333,0.9137397037775593,0.9895634789427532,0.07925836424185988,0.8807891931488641,8,8,0,0,1.0,0.17910221874208174,software,delayed_cue,brian2,pyNN.brian2,43,8,5,8,5,0.1,0.2,37,0.02702702702702703,237.77532050000002,2383519,1986.2658333333334,-4.488513071704879,4.488513071704879,200,40,0,0,0,,,,,True
1200,150,0.8,1.0,0.96,0.19999999999999996,0.8937490467834736,0.9990708059898447,0.07933510417389589,0.9503820097329289,8,8,0,0,1.0,0.2037318860045619,software,delayed_cue,brian2,pyNN.brian2,44,8,5,8,5,0.1,0.2,37,0.02702702702702703,237.55268674999996,2382523,1985.4358333333332,-5.642613524760993,5.642613524760993,200,40,0,0,0,,,,,True
