{
  "artifacts": {
    "backend_summary_csv": "<repo>/controlled_test_output/tier4_16a_fix_20260427_143252/tier4_16a_fix_backend_summary.csv",
    "manifest_json": "<repo>/controlled_test_output/tier4_16a_fix_20260427_143252/tier4_16a_fix_results.json",
    "report_md": "<repo>/controlled_test_output/tier4_16a_fix_20260427_143252/tier4_16a_fix_report.md",
    "summary_csv": "<repo>/controlled_test_output/tier4_16a_fix_20260427_143252/tier4_16a_fix_summary.csv",
    "summary_png": "<repo>/controlled_test_output/tier4_16a_fix_20260427_143252/tier4_16a_fix_summary.png",
    "tail_events_csv": "<repo>/controlled_test_output/tier4_16a_fix_20260427_143252/tier4_16a_fix_tail_events.csv"
  },
  "backend_summary_rows": [
    {
      "all_accuracy_max": 0.9893048128342246,
      "all_accuracy_mean": 0.966131907308378,
      "all_accuracy_min": 0.9518716577540107,
      "backend": "pyNN.brian2",
      "backend_key": "brian2",
      "evaluation_count_max": 187.0,
      "evaluation_count_mean": 187.0,
      "evaluation_count_min": 187.0,
      "failed_seeds_at_threshold": [],
      "final_mean_abs_readout_weight_max": 10.645335445209755,
      "final_mean_abs_readout_weight_mean": 6.242661666337345,
      "final_mean_abs_readout_weight_min": 1.7166066905124597,
      "final_mean_readout_weight_max": -1.7166066905124597,
      "final_mean_readout_weight_mean": -6.242661666337345,
      "final_mean_readout_weight_min": -10.645335445209755,
      "max_abs_dopamine_max": 1.0,
      "max_abs_dopamine_mean": 0.9999999999991153,
      "max_abs_dopamine_min": 0.9999999999973456,
      "mean_abs_dopamine_max": 0.1711963961644369,
      "mean_abs_dopamine_mean": 0.15037370892413168,
      "mean_abs_dopamine_min": 0.13126960963958687,
      "one_tail_event_accuracy_step_max": 0.021739130434782608,
      "one_tail_event_accuracy_step_mean": 0.021739130434782608,
      "one_tail_event_accuracy_step_min": 0.021739130434782608,
      "prediction_target_corr_max": 0.9266778615790926,
      "prediction_target_corr_mean": 0.893723566313002,
      "prediction_target_corr_min": 0.8308819605399823,
      "runs": 3,
      "runtime_seconds_max": 391.37766975,
      "runtime_seconds_mean": 363.8017265833333,
      "runtime_seconds_min": 340.78529574999993,
      "seeds": [
        42,
        43,
        44
      ],
      "sim_run_failures_sum": 0,
      "steps": 1500,
      "summary_read_failures_sum": 0,
      "synthetic_fallbacks_sum": 0,
      "tail_accuracy_max": 1.0,
      "tail_accuracy_mean": 1.0,
      "tail_accuracy_min": 1.0,
      "tail_event_count_max": 46.0,
      "tail_event_count_mean": 46.0,
      "tail_event_count_min": 46.0,
      "tail_prediction_target_corr_max": 0.9999927179743748,
      "tail_prediction_target_corr_mean": 0.9743776034629903,
      "tail_prediction_target_corr_min": 0.9269736656396037,
      "total_step_spikes_max": 3008040.0,
      "total_step_spikes_mean": 2982178.0,
      "total_step_spikes_min": 2955294.0
    },
    {
      "all_accuracy_max": 0.9893048128342246,
      "all_accuracy_mean": 0.966131907308378,
      "all_accuracy_min": 0.9518716577540107,
      "backend": "pyNN.nest",
      "backend_key": "nest",
      "evaluation_count_max": 187.0,
      "evaluation_count_mean": 187.0,
      "evaluation_count_min": 187.0,
      "failed_seeds_at_threshold": [],
      "final_mean_abs_readout_weight_max": 10.645335445209755,
      "final_mean_abs_readout_weight_mean": 6.242661666337345,
      "final_mean_abs_readout_weight_min": 1.7166066905124597,
      "final_mean_readout_weight_max": -1.7166066905124597,
      "final_mean_readout_weight_mean": -6.242661666337345,
      "final_mean_readout_weight_min": -10.645335445209755,
      "max_abs_dopamine_max": 1.0,
      "max_abs_dopamine_mean": 0.9999999999991153,
      "max_abs_dopamine_min": 0.9999999999973456,
      "mean_abs_dopamine_max": 0.1711963961644369,
      "mean_abs_dopamine_mean": 0.15037370892413168,
      "mean_abs_dopamine_min": 0.13126960963958687,
      "one_tail_event_accuracy_step_max": 0.021739130434782608,
      "one_tail_event_accuracy_step_mean": 0.021739130434782608,
      "one_tail_event_accuracy_step_min": 0.021739130434782608,
      "prediction_target_corr_max": 0.9266778615790926,
      "prediction_target_corr_mean": 0.893723566313002,
      "prediction_target_corr_min": 0.8308819605399823,
      "runs": 3,
      "runtime_seconds_max": 51.548067292000006,
      "runtime_seconds_mean": 50.559148194666676,
      "runtime_seconds_min": 48.70067954200002,
      "seeds": [
        42,
        43,
        44
      ],
      "sim_run_failures_sum": 0,
      "steps": 1500,
      "summary_read_failures_sum": 0,
      "synthetic_fallbacks_sum": 0,
      "tail_accuracy_max": 1.0,
      "tail_accuracy_mean": 1.0,
      "tail_accuracy_min": 1.0,
      "tail_event_count_max": 46.0,
      "tail_event_count_mean": 46.0,
      "tail_event_count_min": 46.0,
      "tail_prediction_target_corr_max": 0.9999927179743748,
      "tail_prediction_target_corr_mean": 0.9743776034629903,
      "tail_prediction_target_corr_min": 0.9269736656396037,
      "total_step_spikes_max": 1744977.0,
      "total_step_spikes_mean": 1731996.0,
      "total_step_spikes_min": 1720647.0
    }
  ],
  "config": {
    "backends": [
      "nest",
      "brian2"
    ],
    "delay": 5,
    "delayed_readout_lr": 0.2,
    "min_tail_events": 30,
    "period": 8,
    "population_size": 8,
    "readout_lr": 0.1,
    "run_lengths": [
      1500
    ],
    "seeds": [
      42,
      43,
      44
    ],
    "tail_threshold": 0.85
  },
  "criteria": [
    {
      "name": "software matrix completed",
      "note": "",
      "operator": "==",
      "passed": true,
      "threshold": 6,
      "value": 6
    },
    {
      "name": "no backend execution failures",
      "note": "",
      "operator": "==",
      "passed": true,
      "threshold": 0,
      "value": 0
    },
    {
      "name": "zero fallback/failure counters",
      "note": "",
      "operator": "==",
      "passed": true,
      "threshold": 0,
      "value": 0
    },
    {
      "name": "minimum tail event count",
      "note": "",
      "operator": ">=",
      "passed": true,
      "threshold": 30,
      "value": 46
    },
    {
      "name": "minimum tail accuracy",
      "note": "",
      "operator": ">=",
      "passed": true,
      "threshold": 0.85,
      "value": 1.0
    },
    {
      "name": "confirmed delayed-credit setting used",
      "note": "",
      "operator": "==",
      "passed": true,
      "threshold": 0.2,
      "value": 0.2
    }
  ],
  "diagnosis": {
    "backend_failures": [],
    "diagnosis": "longer_delayed_cue_local_pass",
    "failed_runs": [],
    "min_tail_accuracy": 1.0,
    "min_tail_event_count": 46,
    "min_tail_events_threshold": 30,
    "next_step": "run one-seed delayed_cue seed43 hardware probe",
    "software_failures": [],
    "tail_threshold": 0.85
  },
  "failure_reason": "",
  "generated_at_utc": "2026-04-27T14:53:36+00:00",
  "status": "pass",
  "summary_rows": [
    {
      "accuracy_improvement": 0.052631578947368474,
      "all_accuracy": 0.9893048128342246,
      "backend": "pyNN.nest",
      "backend_key": "nest",
      "delay": 5,
      "delayed_readout_lr": 0.2,
      "early_accuracy": 0.9473684210526315,
      "evaluation_count": 187,
      "evaluation_horizon_bars": 5,
      "final_matured_horizons": 200,
      "final_mean_abs_readout_weight": 10.645335445209755,
      "final_mean_readout_weight": -10.645335445209755,
      "final_n_alive": 8,
      "final_pending_horizons": 40,
      "last_backend_exception_type": "",
      "last_backend_failure_stage": "",
      "last_backend_traceback": "",
      "last_sim_run_error": "",
      "max_abs_dopamine": 0.9999999999973456,
      "max_abs_prediction": 0.9967202516741027,
      "max_n_alive": 8,
      "mean_abs_dopamine": 0.13126960963958687,
      "mean_abs_prediction": 0.09766511412508892,
      "mean_step_spikes": 1163.318,