steps,backend_key,backend,runs,seeds,tail_accuracy_mean,tail_accuracy_min,tail_accuracy_max,all_accuracy_mean,all_accuracy_min,all_accuracy_max,prediction_target_corr_mean,prediction_target_corr_min,prediction_target_corr_max,tail_prediction_target_corr_mean,tail_prediction_target_corr_min,tail_prediction_target_corr_max,evaluation_count_mean,evaluation_count_min,evaluation_count_max,tail_event_count_mean,tail_event_count_min,tail_event_count_max,one_tail_event_accuracy_step_mean,one_tail_event_accuracy_step_min,one_tail_event_accuracy_step_max,runtime_seconds_mean,runtime_seconds_min,runtime_seconds_max,total_step_spikes_mean,total_step_spikes_min,total_step_spikes_max,final_mean_readout_weight_mean,final_mean_readout_weight_min,final_mean_readout_weight_max,final_mean_abs_readout_weight_mean,final_mean_abs_readout_weight_min,final_mean_abs_readout_weight_max,mean_abs_dopamine_mean,mean_abs_dopamine_min,mean_abs_dopamine_max,max_abs_dopamine_mean,max_abs_dopamine_min,max_abs_dopamine_max,failed_seeds_at_threshold,sim_run_failures_sum,summary_read_failures_sum,synthetic_fallbacks_sum
1500,brian2,pyNN.brian2,3,"[42, 43, 44]",1.0,1.0,1.0,0.966131907308378,0.9518716577540107,0.9893048128342246,0.893723566313002,0.8308819605399823,0.9266778615790926,0.9743776034629903,0.9269736656396037,0.9999927179743748,187.0,187.0,187.0,46.0,46.0,46.0,0.021739130434782608,0.021739130434782608,0.021739130434782608,363.8017265833333,340.78529574999993,391.37766975,2982178.0,2955294.0,3008040.0,-6.242661666337345,-10.645335445209755,-1.7166066905124597,6.242661666337345,1.7166066905124597,10.645335445209755,0.15037370892413168,0.13126960963958687,0.1711963961644369,0.9999999999991153,0.9999999999973456,1.0,[],0,0,0
1500,nest,pyNN.nest,3,"[42, 43, 44]",1.0,1.0,1.0,0.966131907308378,0.9518716577540107,0.9893048128342246,0.893723566313002,0.8308819605399823,0.9266778615790926,0.9743776034629903,0.9269736656396037,0.9999927179743748,187.0,187.0,187.0,46.0,46.0,46.0,0.021739130434782608,0.021739130434782608,0.021739130434782608,50.559148194666676,48.70067954200002,51.548067292000006,1731996.0,1720647.0,1744977.0,-6.242661666337345,-10.645335445209755,-1.7166066905124597,6.242661666337345,1.7166066905124597,10.645335445209755,0.15037370892413168,0.13126960963958687,0.1711963961644369,0.9999999999991153,0.9999999999973456,1.0,[],0,0,0
