model,task,status,seed_count,mse_mean,mse_median,mse_std,mse_worst,nmse_mean,tail_mse_mean,test_correlation_mean,pr_mean,rank95_mean,synthetic_fallbacks_sum,sim_run_failures_sum,summary_read_failures_sum,runtime_seconds_mean
esn_or_random_reservoir,narma10,pass,1,0.6541374388243136,0.6541374388243136,0.0,0.6541374388243136,0.6705000352161237,0.6940976264253563,0.5821892145897275,,,0,0,0,0.016503959000000012
online_linear_or_lag_ridge,narma10,pass,1,0.2040412091574882,0.2040412091574882,0.0,0.2040412091574882,0.2091450967422463,0.2790799573210609,0.8905149041708006,,,0,0,0,0.013707165999999882
organism_defaults_experimental_off,narma10,pass,1,1.183703737068195,1.183703737068195,0.0,1.183703737068195,1.213312906865807,1.156845045093127,0.16469125762498657,3.477810912036656,6.0,0,0,0,413.609435834
persistence_baseline,narma10,pass,1,1.437224390616283,1.437224390616283,0.0,1.437224390616283,1.4731751270095188,1.4528097361835683,0.266939522424287,,,0,0,0,0.0002399580000000956
v2_6_predictive_reference,narma10,pass,1,0.43109142492696084,0.43109142492696084,0.0,0.43109142492696084,0.4418747474757022,0.4464878323079965,0.7477557508717996,8.266869556471079,43.0,0,0,0,0.0
