{
  "display_name": "Lorenz x(t)",
  "finite_check": {
    "observed_finite": true,
    "observed_nonfinite_count": 0,
    "target_finite": true,
    "target_max": 3.4749636306396026,
    "target_min": -1.715452656283448,
    "target_nonfinite_count": 0
  },
  "horizon": 8,
  "length": 720,
  "metadata": {
    "dt": 0.01,
    "obs_mu": -4.800900329735356,
    "obs_sd": 6.270014114735243,
    "target_mu": -4.9211313185979035,
    "target_sd": 6.3347103743364075
  },
  "sample_count": 720,
  "seed": 44,
  "task": "lorenz",
  "test_count": 252,
  "train_end": 468
}
