{
  "display_name": "Lorenz x(t)",
  "finite_check": {
    "observed_finite": true,
    "observed_nonfinite_count": 0,
    "target_finite": true,
    "target_max": 3.504155990849638,
    "target_min": -1.5799746938197283,
    "target_nonfinite_count": 0
  },
  "horizon": 8,
  "length": 720,
  "metadata": {
    "dt": 0.01,
    "obs_mu": -4.784154716276213,
    "obs_sd": 6.270667325401456,
    "target_mu": -4.894437799776764,
    "target_sd": 6.325606255798692
  },
  "sample_count": 720,
  "seed": 42,
  "task": "lorenz",
  "test_count": 252,
  "train_end": 468
}
