{
  "display_name": "NARMA10",
  "finite_check": {
    "observed_finite": true,
    "observed_nonfinite_count": 0,
    "target_finite": true,
    "target_max": 3.381491390216255,
    "target_min": -1.8299785544991884,
    "target_nonfinite_count": 0
  },
  "horizon": 1,
  "length": 720,
  "metadata": {
    "obs_mu": 0.24685635248322665,
    "obs_sd": 0.14791005447786726,
    "target_mu": 0.3760472088027921,
    "target_sd": 0.10342455322038897
  },
  "sample_count": 720,
  "seed": 43,
  "task": "narma10",
  "test_count": 252,
  "train_end": 468
}
