model,task,status,seed_count,mse_mean,mse_median,mse_std,mse_worst,nmse_mean,tail_mse_mean,test_correlation_mean,pr_mean,rank95_mean,synthetic_fallbacks_sum,sim_run_failures_sum,summary_read_failures_sum,runtime_seconds_mean
enable_neural_heritability,sine,pass,1,0.3202347566186448,0.3202347566186448,0.0,0.3202347566186448,0.29643846506910887,0.2961755653954787,0.8431595160692009,1.9646074947431458,4.0,0,0,0,425.70189
esn_or_random_reservoir,sine,pass,1,0.0018445061866944022,0.0018445061866944022,0.0,0.0018445061866944022,0.0017074429664276135,0.001584950293580611,0.9991560718947626,,,0,0,0,0.016580417000000125
online_linear_or_lag_ridge,sine,pass,1,0.0023720983942128178,0.0023720983942128178,0.0,0.0023720983942128178,0.002195830378932718,0.001810925838596521,0.999239899883287,,,0,0,0,0.013302666000000185
persistence_baseline,sine,pass,1,0.10527595797767338,0.10527595797767338,0.0,0.10527595797767338,0.09745301765837278,0.10464652437820075,0.951055880550076,,,0,0,0,0.00022458300000005593
v2_6_predictive_reference,sine,pass,1,0.002715543902001279,0.002715543902001279,0.0,0.002715543902001279,0.0025137548298533726,0.0017095261189786044,0.9988271179958863,7.226290327080948,35.0,0,0,0,0.0
