{
  "display_name": "Lorenz x(t)",
  "finite_check": {
    "observed_finite": true,
    "observed_nonfinite_count": 0,
    "target_finite": true,
    "target_max": 3.4465174456469243,
    "target_min": -1.9170468725868712,
    "target_nonfinite_count": 0
  },
  "horizon": 8,
  "length": 2000,
  "metadata": {
    "dt": 0.01,
    "obs_mu": -4.694848193148978,
    "obs_sd": 6.518987735436487,
    "target_mu": -4.698879903013994,
    "target_sd": 6.520072568180811
  },
  "sample_count": 2000,
  "seed": 43,
  "task": "lorenz",
  "test_count": 700,
  "train_end": 1300
}
