{
  "display_name": "Mackey-Glass",
  "finite_check": {
    "observed_finite": true,
    "observed_nonfinite_count": 0,
    "target_finite": true,
    "target_max": 1.7733379580625959,
    "target_min": -2.356939826510643,
    "target_nonfinite_count": 0
  },
  "horizon": 8,
  "length": 2000,
  "metadata": {
    "obs_mu": 0.9278069207553424,
    "obs_sd": 0.2347832702604705,
    "target_mu": 0.9260645575463895,
    "target_sd": 0.2356171897107079,
    "tau": 17
  },
  "sample_count": 2000,
  "seed": 44,
  "task": "mackey_glass",
  "test_count": 700,
  "train_end": 1300
}
