task,variant,variant_family,runs,temporal_pressure,mean_ridge_probe_accuracy,min_ridge_probe_accuracy,std_ridge_probe_accuracy,mean_centroid_probe_accuracy,mean_knn_probe_accuracy,min_knn_probe_accuracy,mean_silhouette_score,mean_latent_factor_abs_corr,mean_labels_to_threshold,min_labels_to_threshold,max_abs_raw_dopamine,label_leakage_runs,reward_leakage_runs
masked_channel_context,fixed_history_baseline,history baseline,1,True,0.2619047619047619,0.2619047619047619,0.0,0.4523809523809524,0.39285714285714285,0.39285714285714285,-0.04751695772937212,0.24257979541984698,,,0.0,0,0
masked_channel_context,intrinsic_predictive_preexposure,candidate,1,True,0.9404761904761905,0.9404761904761905,0.0,0.8928571428571429,0.7857142857142857,0.7857142857142857,0.33782112992163454,0.7228197571292437,96.0,96.0,0.0,0,0
masked_channel_context,no_preexposure,candidate ablation,1,True,0.2857142857142857,0.2857142857142857,0.0,0.34523809523809523,0.25,0.25,-0.07532796115887862,0.2098798637767489,,,0.0,0,0
masked_channel_context,oracle_latent_upper_bound,oracle upper bound,1,True,1.0,1.0,0.0,1.0,1.0,1.0,0.6482517483891036,0.48012579175457937,96.0,96.0,0.0,0,0
masked_channel_context,target_shuffled_preexposure,binding sham,1,True,0.9166666666666666,0.9166666666666666,0.0,0.8809523809523809,0.7619047619047619,0.7619047619047619,0.24450232652609877,0.07247426038475992,96.0,96.0,0.0,0,0
