{
  "display_name": "NARMA10",
  "horizon": 1,
  "length": 720,
  "metadata": {
    "obs_mu": 0.25193021235385626,
    "obs_sd": 0.14196641909866065,
    "target_mu": 0.4125473532855099,
    "target_sd": 0.12673299047958334
  },
  "name": "narma10",
  "seed": 44,
  "train_end": 468
}
