{
  "artifacts": {
    "backend_summary_csv": "controlled_test_output/tier4_16a_fix_nest_1200_20260427_145600/tier4_16a_fix_backend_summary.csv",
    "manifest_json": "controlled_test_output/tier4_16a_fix_nest_1200_20260427_145600/tier4_16a_fix_results.json",
    "report_md": "controlled_test_output/tier4_16a_fix_nest_1200_20260427_145600/tier4_16a_fix_report.md",
    "summary_csv": "controlled_test_output/tier4_16a_fix_nest_1200_20260427_145600/tier4_16a_fix_summary.csv",
    "summary_png": "controlled_test_output/tier4_16a_fix_nest_1200_20260427_145600/tier4_16a_fix_summary.png",
    "tail_events_csv": "controlled_test_output/tier4_16a_fix_nest_1200_20260427_145600/tier4_16a_fix_tail_events.csv"
  },
  "backend_summary_rows": [
    {
      "all_accuracy_max": 0.9733333333333334,
      "all_accuracy_mean": 0.9466666666666667,
      "all_accuracy_min": 0.9066666666666666,
      "backend": "pyNN.nest",
      "backend_key": "nest",
      "evaluation_count_max": 150.0,
      "evaluation_count_mean": 150.0,
      "evaluation_count_min": 150.0,
      "failed_seeds_at_threshold": [],
      "final_mean_abs_readout_weight_max": 5.642613524760993,
      "final_mean_abs_readout_weight_mean": 3.8300906120181466,
      "final_mean_abs_readout_weight_min": 1.3591452395885675,
      "final_mean_readout_weight_max": -1.3591452395885675,
      "final_mean_readout_weight_mean": -3.8300906120181466,
      "final_mean_readout_weight_min": -5.642613524760993,
      "max_abs_dopamine_max": 1.0,
      "max_abs_dopamine_mean": 1.0,
      "max_abs_dopamine_min": 1.0,
      "mean_abs_dopamine_max": 0.22663781034864602,
      "mean_abs_dopamine_mean": 0.2031573050317632,
      "mean_abs_dopamine_min": 0.17910221874208174,
      "one_tail_event_accuracy_step_max": 0.02702702702702703,
      "one_tail_event_accuracy_step_mean": 0.02702702702702703,
      "one_tail_event_accuracy_step_min": 0.02702702702702703,
      "prediction_target_corr_max": 0.9137397037775593,
      "prediction_target_corr_mean": 0.8825765838797165,
      "prediction_target_corr_min": 0.8402410010781167,
      "runs": 3,
      "runtime_seconds_max": 36.710311583999996,
      "runtime_seconds_mean": 36.461941055666664,
      "runtime_seconds_min": 36.283659541000006,
      "seeds": [
        42,
        43,
        44
      ],
      "sim_run_failures_sum": 0,
      "steps": 1200,
      "summary_read_failures_sum": 0,
      "synthetic_fallbacks_sum": 0,
      "tail_accuracy_max": 1.0,
      "tail_accuracy_mean": 0.990990990990991,
      "tail_accuracy_min": 0.972972972972973,
      "tail_event_count_max": 37.0,
      "tail_event_count_mean": 37.0,
      "tail_event_count_min": 37.0,
      "tail_prediction_target_corr_max": 0.9990708059898447,
      "tail_prediction_target_corr_mean": 0.9702116318240431,
      "tail_prediction_target_corr_min": 0.9220006105395314,
      "total_step_spikes_max": 1392618.0,
      "total_step_spikes_mean": 1385935.3333333333,
      "total_step_spikes_min": 1376684.0
    }
  ],
  "config": {
    "backends": [
      "nest"
    ],
    "delay": 5,
    "delayed_readout_lr": 0.2,
    "min_tail_events": 30,
    "period": 8,
    "population_size": 8,
    "readout_lr": 0.1,
    "run_lengths": [
      1200
    ],
    "seeds": [
      42,
      43,
      44
    ],
    "tail_threshold": 0.85
  },
  "criteria": [
    {
      "name": "software matrix completed",
      "note": "",
      "operator": "==",
      "passed": true,
      "threshold": 3,
      "value": 3
    },
    {
      "name": "no backend execution failures",
      "note": "",
      "operator": "==",
      "passed": true,
      "threshold": 0,
      "value": 0
    },
    {
      "name": "zero fallback/failure counters",
      "note": "",
      "operator": "==",
      "passed": true,
      "threshold": 0,
      "value": 0
    },
    {
      "name": "minimum tail event count",
      "note": "",
      "operator": ">=",
      "passed": true,
      "threshold": 30,
      "value": 37
    },
    {
      "name": "minimum tail accuracy",
      "note": "",
      "operator": ">=",
      "passed": true,
      "threshold": 0.85,
      "value": 0.972972972972973
    },
    {
      "name": "confirmed delayed-credit setting used",
      "note": "",
      "operator": "==",
      "passed": true,
      "threshold": 0.2,
      "value": 0.2
    }
  ],
  "diagnosis": {
    "backend_failures": [],
    "diagnosis": "longer_delayed_cue_local_pass",
    "failed_runs": [],
    "min_tail_accuracy": 0.972972972972973,
    "min_tail_event_count": 37,
    "min_tail_events_threshold": 30,
    "next_step": "run one-seed delayed_cue seed43 hardware probe",
    "software_failures": [],
    "tail_threshold": 0.85
  },
  "failure_reason": "",
  "generated_at_utc": "2026-04-27T14:58:54+00:00",
  "status": "pass",
  "summary_rows": [
    {
      "accuracy_improvement": 0.072972972972973,
      "all_accuracy": 0.9066666666666666,
      "backend": "pyNN.nest",
      "backend_key": "nest",
      "delay": 5,
      "delayed_readout_lr": 0.2,
      "early_accuracy": 0.9,
      "evaluation_count": 150,
      "evaluation_horizon_bars": 5,
      "final_matured_horizons": 200,
      "final_mean_abs_readout_weight": 1.3591452395885675,
      "final_mean_readout_weight": -1.3591452395885675,
      "final_n_alive": 8,
      "final_pending_horizons": 40,
      "last_backend_exception_type": "",
      "last_backend_failure_stage": "",
      "last_backend_traceback": "",
      "last_sim_run_error": "",
      "max_abs_dopamine": 1.0,
      "max_abs_prediction": 0.46968110555145515,
      "max_n_alive": 8,
      "mean_abs_dopamine": 0.22663781034864602,
      "mean_abs_prediction": 0.03188606294295332,
      "mean_step_spikes": 1147.2366666666667,
      "one_tail_event_accuracy_step": 0.02702702702702703,
      "period": 8,
      "population_size": 8,
      "prediction_target_corr": 0.8402410010781167,
      "readout_lr": 0.1,
      "repair_run": true,
      "runtime_seconds": 36.283659541000006,
      "seed": 42,
      "sim_run_failures": 0,
      "source": "software",
      "steps": 1200,
      "summary_read_failures": 0,
      "synthetic_fallbacks": 0,
      "tail_accuracy": 0.972972972972973,
      "tail_event_count": 37,
      "tail_prediction_target_corr": 0.9220006105395314,
      "task": "delayed_cue",
      "total_births": 0,
      "total_deaths": 0,
      "total_step_spikes": 1376684
    },
    {
      "accuracy_improvement": 0.1333333333333333,
      "all_accuracy": 0.9733333333333334,
      "backend": "pyNN.nest",
      "backend_key": "nest",
      "delay": 5,
      "delayed_readout_lr": 0.2,
      "early_accuracy": 0.8666666666666667,
      "evaluation_count": 150,
      "evaluation_horizon_bars": 5,
      "final_matured_horizons": 200,
      "final_mean_abs_readout_weight": 4.488513071704879,
      "final_mean_readout_weight": -4.488513071704879,
      "final_n_alive": 8,
      "final_pending_horizons": 40,
      "last_backend_exception_type": "",
      "last_backend_failure_stage": "",
      "last_backend_traceback": "",
      "last_sim_run_error": "",
      "max_abs_dopamine": 1.0,
      "max_abs_prediction": 0.8807891931488641,
      "max_n_alive": 8,
      "mean_abs_dopamine": 0.17910221874208174,
      "mean_abs_prediction": 0.07925836424185988,
      "mean_step_spikes": 1157.0866666666666,
      "one_tail_event_accuracy_step": 0.02702702702702703,
      "period": 8,
      "population_size": 8,
      "prediction_target_corr": 0.9137397037775593,
      "readout_lr": 0.1,
      "repair_run": true,
      "runtime_seconds": 36.391852042000004,
      "seed": 43,
      "sim_run_failures": 0,
      "source": "software",
      "steps": 1200,
      "summary_read_failures": 0,
      "synthetic_fallbacks": 0,
      "tail_accuracy": 1.0,
      "tail_event_count": 37,
      "tail_prediction_target_corr": 0.9895634789427532,
      "task": "delayed_cue",
      "total_births": 0,
      "total_deaths": 0,