{
  "display_name": "Lorenz x(t)",
  "horizon": 8,
  "length": 720,
  "metadata": {
    "dt": 0.01,
    "obs_mu": -4.800900329735356,
    "obs_sd": 6.270014114735243,
    "target_mu": -4.9211313185979035,
    "target_sd": 6.3347103743364075
  },
  "seed": 44,
  "task": "lorenz",
  "train_end": 468
}
