task,cra_tail_accuracy_mean,cra_all_accuracy_mean,cra_abs_corr_mean,best_external_tail_model,best_external_tail_accuracy_mean,best_external_corr_model,best_external_abs_corr_mean,external_median_tail_accuracy,external_median_abs_corr,cra_tail_minus_best_external,cra_tail_minus_external_median,cra_abs_corr_minus_best_external,cra_abs_corr_minus_external_median,cra_mean_recovery_steps,best_external_recovery_model,best_external_mean_recovery_steps,external_median_recovery_steps,median_recovery_minus_cra,best_external_recovery_minus_cra
delayed_cue,0.4761904761904762,0.48888888888888893,0.054019860958879874,evolutionary_population,1.0,sign_persistence,0.9999999999999997,0.9761904761904763,0.8126021591551633,-0.5238095238095237,-0.5,-0.9459801390411198,-0.7585822981962834,,,,,,
fixed_pattern,1.0,0.9874476987447699,0.9567414077359174,echo_state_network,1.0,sign_persistence,1.0,1.0,0.9646594033706977,0.0,0.0,-0.043258592264082574,-0.00791799563478024,,,,,,
hard_noisy_switching,0.5833333333333334,0.5980392156862746,0.21386601446192152,evolutionary_population,0.625,small_gru,0.2848221439998859,0.5416666666666666,0.16135977165631288,-0.04166666666666663,0.04166666666666674,-0.0709561295379644,0.052506242805608644,15.066666666666666,sign_persistence,21.133333333333333,32.33333333333333,17.266666666666662,6.066666666666666
sensor_control,1.0,0.9499999999999998,0.8572797576380687,evolutionary_population,1.0,sign_persistence,0.9999999999999999,0.8166666666666667,0.8287201309126344,0.0,0.18333333333333335,-0.14272024236193115,0.02855962672543433,,,,,,
