{
  "display_name": "NARMA10",
  "finite_check": {
    "observed_finite": true,
    "observed_nonfinite_count": 0,
    "target_finite": true,
    "target_max": 4.874558299357133,
    "target_min": -1.9031741048337874,
    "target_nonfinite_count": 0
  },
  "horizon": 1,
  "length": 8000,
  "metadata": {
    "obs_mu": 0.25163644501883187,
    "obs_sd": 0.1455825803096608,
    "target_mu": 0.39101021765112765,
    "target_sd": 0.10730900695401353
  },
  "sample_count": 8000,
  "seed": 43,
  "task": "narma10",
  "test_count": 2800,
  "train_end": 5200
}
