{
  "display_name": "Mackey-Glass",
  "finite_check": {
    "observed_finite": true,
    "observed_nonfinite_count": 0,
    "target_finite": true,
    "target_max": 1.7074579772355722,
    "target_min": -2.3043641186433454,
    "target_nonfinite_count": 0
  },
  "horizon": 8,
  "length": 720,
  "metadata": {
    "obs_mu": 0.9337145641386806,
    "obs_sd": 0.2310389245327399,
    "target_mu": 0.926386728166712,
    "target_sd": 0.23692585957976622,
    "tau": 17
  },
  "sample_count": 720,
  "seed": 44,
  "task": "mackey_glass",
  "test_count": 252,
  "train_end": 468
}
