{
  "display_name": "NARMA10",
  "finite_check": {
    "observed_finite": true,
    "observed_nonfinite_count": 0,
    "target_finite": true,
    "target_max": 3.2936558233985176,
    "target_min": -1.656909523942398,
    "target_nonfinite_count": 0
  },
  "horizon": 1,
  "length": 720,
  "metadata": {
    "obs_mu": 0.2432689370476514,
    "obs_sd": 0.14080877031080336,
    "target_mu": 0.3641535655401237,
    "target_sd": 0.09944671760061433
  },
  "sample_count": 720,
  "seed": 42,
  "task": "narma10",
  "test_count": 252,
  "train_end": 468
}
