{
  "display_name": "Lorenz x(t)",
  "finite_check": {
    "observed_finite": true,
    "observed_nonfinite_count": 0,
    "target_finite": true,
    "target_max": 2.2896739937819794,
    "target_min": -2.3987000874135354,
    "target_nonfinite_count": 0
  },
  "horizon": 8,
  "length": 10000,
  "metadata": {
    "dt": 0.01,
    "obs_mu": 0.679549519316175,
    "obs_sd": 7.885603795641952,
    "target_mu": 0.7020939895099207,
    "target_sd": 7.896412201418226
  },
  "sample_count": 10000,
  "seed": 44,
  "task": "lorenz",
  "test_count": 3500,
  "train_end": 6500
}
