{
  "display_name": "Mackey-Glass",
  "finite_check": {
    "observed_finite": true,
    "observed_nonfinite_count": 0,
    "target_finite": true,
    "target_max": 1.770937404180748,
    "target_min": -2.3715158882208605,
    "target_nonfinite_count": 0
  },
  "horizon": 8,
  "length": 10000,
  "metadata": {
    "obs_mu": 0.9256435249682933,
    "obs_sd": 0.23541785780509236,
    "target_mu": 0.9258318699615391,
    "target_sd": 0.23553244888612637,
    "tau": 17
  },
  "sample_count": 10000,
  "seed": 42,
  "task": "mackey_glass",
  "test_count": 3500,
  "train_end": 6500
}
