{
  "display_name": "Mackey-Glass",
  "finite_check": {
    "observed_finite": true,
    "observed_nonfinite_count": 0,
    "target_finite": true,
    "target_max": 1.783100423041536,
    "target_min": -2.3766267407533888,
    "target_nonfinite_count": 0
  },
  "horizon": 8,
  "length": 10000,
  "metadata": {
    "obs_mu": 0.9261742229824617,
    "obs_sd": 0.2346277440360844,
    "target_mu": 0.9256503572032745,
    "target_sd": 0.23503825950897902,
    "tau": 17
  },
  "sample_count": 10000,
  "seed": 44,
  "task": "mackey_glass",
  "test_count": 3500,
  "train_end": 6500
}
