{
  "display_name": "NARMA10",
  "finite_check": {
    "observed_finite": true,
    "observed_nonfinite_count": 0,
    "target_finite": false,
    "target_max": 8.320612730952877e+159,
    "target_min": -1.9097172947240295,
    "target_nonfinite_count": 1688
  },
  "horizon": 1,
  "length": 10000,
  "metadata": {
    "obs_mu": 0.24931711792971178,
    "obs_sd": 0.14250719948692295,
    "target_mu": 0.3888177914987527,
    "target_sd": 0.10771242492247772
  },
  "sample_count": 10000,
  "seed": 44,
  "task": "narma10",
  "test_count": 3500,
  "train_end": 6500
}
