category,raw_time_ms,count,first_run,last_run,machine_on_count,seconds,fraction_of_profiled
Running Stage,637741.974,120,1,120,0,637.741974,0.7421767894064238
In run other,106465.728,242,1,120,0,106.465728,0.12390025341010029
Waiting,71766.42,122,1,121,0,71.76642,0.08351868522737843
Mapping Stage,34137.301,1,1,1,0,34.137301,0.03972752851168096
Loading Stage,8284.286,1,1,1,0,8.284286,0.00964089716008654
Shutting down,521.392,1,121,121,0,0.5213920000000001,0.0006067736739281867
In Setup,368.696,1,1,1,0,0.368696,0.0004290726104018219
