task,current_reflex_accuracy,sign_persistence_accuracy,rolling_majority_accuracy,predictive_memory_accuracy,wrong_horizon_accuracy,shuffled_target_accuracy,best_standard_model,best_standard_accuracy,best_reflex_model,best_reflex_accuracy,best_sham_model,best_sham_accuracy,predictive_edge_vs_current,predictive_edge_vs_sign,predictive_edge_vs_best_reflex,predictive_edge_vs_best_sham,same_current_input_opposite_labels,same_last_sign_opposite_labels,ambiguous_current_bins,ambiguous_last_sign_bins,decision_count
event_stream_prediction,0.0,0.5070422535211268,0.4741784037558685,1.0,0.5023474178403756,0.5305164319248826,echo_state_network,0.5258215962441315,sign_persistence_control,0.5070422535211268,shuffled_target_control,0.5305164319248826,1.0,0.49295774647887325,0.49295774647887325,0.4694835680751174,True,True,1,2,71
hidden_regime_switching,0.5393258426966292,0.5393258426966292,0.5168539325842697,1.0,0.5131086142322098,0.46816479400749067,online_perceptron,0.5730337078651685,current_reflex,0.5393258426966292,wrong_horizon_control,0.5131086142322098,0.4606741573033708,0.4606741573033708,0.4606741573033708,0.48689138576779023,True,True,2,2,89
masked_input_prediction,0.0,0.5,0.4777777777777778,1.0,0.5444444444444444,0.4777777777777778,stdp_only_snn,0.4611111111111111,sign_persistence_control,0.5,wrong_horizon_control,0.5444444444444444,1.0,0.5,0.5,0.4555555555555556,True,True,1,2,60
sensor_anomaly_prediction,0.0,0.5649717514124294,0.5254237288135594,1.0,0.4915254237288136,0.5254237288135594,online_logistic_regression,0.5254237288135594,sign_persistence_control,0.5649717514124294,shuffled_target_control,0.5254237288135594,1.0,0.4350282485875706,0.4350282485875706,0.47457627118644063,True,True,1,2,59
