{
  "display_name": "NARMA10",
  "finite_check": {
    "observed_finite": true,
    "observed_nonfinite_count": 0,
    "target_finite": true,
    "target_max": 6.154829989471465,
    "target_min": -1.8621428978393315,
    "target_nonfinite_count": 0
  },
  "horizon": 1,
  "length": 32000,
  "metadata": {
    "obs_mu": 0.2505536880303494,
    "obs_sd": 0.14507846459104667,
    "target_mu": 0.39114293850412657,
    "target_sd": 0.11070667456620291
  },
  "sample_count": 32000,
  "seed": 43,
  "task": "narma10",
  "test_count": 11200,
  "train_end": 20800
}
