model,task,status,seed_count,mse_mean,mse_median,mse_std,mse_worst,nmse_mean,tail_mse_mean,test_correlation_mean,pr_mean,rank95_mean,synthetic_fallbacks_sum,sim_run_failures_sum,summary_read_failures_sum,runtime_seconds_mean
esn_or_random_reservoir,sine,pass,1,0.0020457503004557708,0.0020457503004557708,0.0,0.0020457503004557708,0.0018949164311059818,0.0021026668753687163,0.9990678634225637,,,0,0,0,0.021173707999999847
online_linear_or_lag_ridge,sine,pass,1,0.0023891944380113337,0.0023891944380113337,0.0,0.0023891944380113337,0.002213038314933186,0.001987038959260862,0.9992359963216385,,,0,0,0,0.01354725000000001
organism_defaults_experimental_off,sine,pass,1,0.31584742447340486,0.31584742447340486,0.0,0.31584742447340486,0.29255988583935205,0.28434795085459713,0.8457934937218464,1.8962675582187125,4.0,0,0,0,421.733181084
persistence_baseline,sine,pass,1,0.1051844557763666,0.1051844557763666,0.0,0.1051844557763666,0.09742916987629048,0.10429326602325266,0.9510700076079851,,,0,0,0,0.0002179580000001291
v2_6_predictive_reference,sine,pass,1,0.007176097637638506,0.007176097637638506,0.0,0.007176097637638506,0.006647001504412594,0.0034159039787509966,0.9969446929589221,4.453828988716825,22.0,0,0,0,0.0
