run_length_steps,task,model,model_family,seed,all_accuracy,tail_accuracy,prediction_target_corr,tail_prediction_target_corr,runtime_seconds,evaluation_count,steps_to_threshold,reward_events_to_threshold,area_under_learning_curve,tail_evaluation_count,final_n_alive,total_births,total_deaths,max_abs_dopamine
120,delayed_cue,cra_v0_8_delayed_lr_0_20,CRA,42,0.8666666666666667,1.0,0.7720917587390025,0.9999991280323485,0.268410292,15,56,8,0.7097916897916899,3,8,0,0,0.9999775935181919
120,delayed_cue,random_sign,chance,42,0.5333333333333333,0.6666666666666666,0.07142857142857147,0.49999999999999983,0.002022250000000003,15,,,0.5052745402745402,3,,,,
120,delayed_cue,sign_persistence,rule,42,0.0,0.0,-0.9999999999999998,-0.9999999999999999,0.0006212089999999559,15,,,0.0,3,,,,
120,hard_noisy_switching,cra_v0_8_delayed_lr_0_20,CRA,42,0.5294117647058824,0.5,0.0492028554385736,,0.2540997089999999,17,,,0.666297317638148,4,8,0,0,0.9998406935306564
120,hard_noisy_switching,random_sign,chance,42,0.47058823529411764,0.5,-0.04351941398892444,,0.0011626250000000837,17,,,0.6063609881083929,4,,,,
120,hard_noisy_switching,sign_persistence,rule,42,0.5294117647058824,0.75,0.11769797726729994,,0.0006012499999998866,17,,,0.6176250748482582,4,,,,
