task,encoding,is_genuinely_temporal_encoding,temporal_tail_accuracy_mean,temporal_all_accuracy_mean,temporal_corr_mean,time_shuffle_tail_accuracy_mean,rate_only_tail_accuracy_mean,temporal_minus_time_shuffle_tail,temporal_minus_rate_only_tail,best_external_model,best_external_tail_accuracy_mean,temporal_minus_best_external_tail,mean_spike_total,mean_spike_sparsity,mean_latency_bin
delayed_cue,latency,True,1.0,0.9259259259259259,0.9330637813280904,0.5,0.5,0.5,0.5,online_perceptron,1.0,0.0,0.5636363636363636,0.0046401515151515155,6.398648648648648
delayed_cue,rate,False,1.0,0.8888888888888888,0.8565830175912594,1.0,1.0,0.0,0.0,online_perceptron,1.0,0.0,0.8181818181818182,0.007054924242424242,5.2648083623693385
sensor_control,latency,True,1.0,0.9459459459459459,0.9436313217789667,0.6666666666666666,0.5555555555555556,0.33333333333333337,0.4444444444444444,online_perceptron,1.0,0.0,0.7454545454545455,0.0067234848484848475,5.53
sensor_control,rate,False,1.0,0.8918918918918919,0.8423180517375208,1.0,1.0,0.0,0.0,online_perceptron,1.0,0.0,1.0863636363636364,0.009327651515151516,5.544351073762837
