{
  "display_name": "NARMA10",
  "horizon": 1,
  "length": 720,
  "metadata": {
    "obs_mu": 0.2432689370476514,
    "obs_sd": 0.14080877031080336,
    "target_mu": 0.3641535655401237,
    "target_sd": 0.09944671760061433
  },
  "seed": 42,
  "task": "narma10",
  "train_end": 468
}
